target,similar
AR002UA1187B9A637D,ARQDOR81187FB3B06C
AR002UA1187B9A637D,AROHMXJ1187B989023
AR002UA1187B9A637D,ARAGWVR1187B9B749B
AR002UA1187B9A637D,AREQVWS1241B9CC0A4
AR002UA1187B9A637D,ARHBE351187FB3B0CD
AR002UA1187B9A637D,AR2EMEJ1187FB3BB2B
AR002UA1187B9A637D,ARIQN6P11C8A416C39
AR002UA1187B9A637D,ARHBUBO11F50C4EBAF
AR002UA1187B9A637D,AROULNY11F50C4EB79
AR002UA1187B9A637D,ARD58Q21187FB36F09
AR002UA1187B9A637D,AR8SQ9J1187FB3BADE
AR002UA1187B9A637D,AR3XDC61187B994315
AR002UA1187B9A637D,ARPI9MD1187B9A1673
AR002UA1187B9A637D,AR4RR251187B98E7AD
AR002UA1187B9A637D,ARU6E671187B99A8D5
AR002UA1187B9A637D,AR9RYS11187FB3E5EA
AR002UA1187B9A637D,ARWG1P91187B99BC74
AR002UA1187B9A637D,ARSHMAZ1187B996530
AR002UA1187B9A637D,AR46LG01187B98DB5D
AR002UA1187B9A637D,AR2HD311187FB4DD25
AR002UA1187B9A637D,ARLJUGP1269FCD2C2A
AR002UA1187B9A637D,ARZ2QE61187B98F239
AR002UA1187B9A637D,ARIYQIU11F50C4EB7F
AR002UA1187B9A637D,ARND2491187B990310
AR002UA1187B9A637D,ARGENWA11F50C4EB93
AR002UA1187B9A637D,ARLWDC31187B9B4D71
AR002UA1187B9A637D,ARMEUN11187B9B6166
AR002UA1187B9A637D,ARWAWGA122988F5771
AR002UA1187B9A637D,ARKOYAZ1187B9A84B5
AR002UA1187B9A637D,ARS9T6I1187FB5C586
AR002UA1187B9A637D,ARYBT401187FB57E31
AR002UA1187B9A637D,ARDHKYF11F4C847DC7
AR002UA1187B9A637D,ARBAFGR11F4C843B4B
AR002UA1187B9A637D,ARUYOAU1187FB3A9F2
AR002UA1187B9A637D,AR44EZU1187B9A0FE5
AR002UA1187B9A637D,ARWJ1BY1187B998F28
AR002UA1187B9A637D,ARHEDAC12086C13365
AR002UA1187B9A637D,ARCOILN1187B99BD98
AR002UA1187B9A637D,ARPLQNP11F50C4EB88
AR002UA1187B9A637D,ARDYVH01187FB3B0CB
AR002UA1187B9A637D,AR62GN71187B9AAD0C
AR002UA1187B9A637D,ARXS70F1187B99C8EF
AR002UA1187B9A637D,ARABZPR1187FB57253
AR002UA1187B9A637D,AREB8J71187FB4D6A3
AR002UA1187B9A637D,AR2RBLN1187B9A724F
AR002UA1187B9A637D,ARNQPW91187B99871F
AR002UA1187B9A637D,ARX4WMJ1187FB56E57
AR003FB1187B994355,ARYACSL1187FB51611
AR003FB1187B994355,ARYLCCQ1187B999F4B
AR003FB1187B994355,AR783EH1187B9921DD
AR003FB1187B994355,AR146Z8119B866996C
AR003FB1187B994355,AR5WAUE1187FB40839
AR003FB1187B994355,AR6G4V01187B9AD086
AR003FB1187B994355,ARVBEG31187B98FDA9
AR003FB1187B994355,AR0AJG11187FB51EFC
AR003FB1187B994355,AROV8GI1187B99E039
AR003FB1187B994355,ARM7EDF1187B9B3FA1
AR003FB1187B994355,ARVKT151187B9A181D
AR003FB1187B994355,AR7GDML1187B99C7ED
AR003FB1187B994355,ARRG4T61187FB41F69
AR003FB1187B994355,AR82QSN1187FB41EC9
AR003FB1187B994355,ARHDYR61187FB48382
AR003FB1187B994355,AR1GNFR1187B9AD1FD
AR003FB1187B994355,ARQKKWZ1187B9B4FC8
AR003FB1187B994355,AR6XPWV1187B9ADAEB
AR003FB1187B994355,AR2I8O01187B9ADF56
AR003FB1187B994355,AR66KG01187B992458
AR003FB1187B994355,ARZ4JLV1187B98D872
AR003FB1187B994355,ARW071B1187B9A603C
AR003FB1187B994355,AR8VPMV1187B99D17F
AR003FB1187B994355,ARZQPE11187FB40939
AR003FB1187B994355,ARE1BIQ1187B9B40E1
AR003FB1187B994355,AR0TG261187B99AC74
AR003FB1187B994355,AR3XW291187B990A61
AR003FB1187B994355,AR4IWYN1187FB47DF6
AR003FB1187B994355,AR2MHXB1187B9A59B9
AR003FB1187B994355,ARP5LBH1187FB5663C
AR003FB1187B994355,ARB9VHL1187B9AEC3F
AR003FB1187B994355,AREW7CO1187B9A1B0D
AR003FB1187B994355,ARNLO5S1187B9B80CC
AR003FB1187B994355,ARQOATR1187B9AE959
AR003FB1187B994355,AR5N8VN1187FB37A4E
AR003FB1187B994355,ARTH2D01187B98D865
AR003FB1187B994355,ARQ4MLR1187B9B10D3
AR003FB1187B994355,AR92ZLW1187B98BAF7
AR003FB1187B994355,AR62VQ11187B9996EF
AR003FB1187B994355,ARMKYTT1187FB5BF42
AR003FB1187B994355,ARKAV7X1187B99C881
AR003FB1187B994355,AR7X56A1187B9AFD43
AR003FB1187B994355,AR9MIEW1187FB41B2D
AR003FB1187B994355,ARDI5KG1187FB56B4F
AR003FB1187B994355,ARC2BFH1187B98F3C8
AR003FB1187B994355,AR6OPWR1187B99E17E
AR003FB1187B994355,AR1DSUU1187FB3A4C4
AR003FB1187B994355,ARER4U01187B9922C4
AR003FB1187B994355,AR4ZDX51187FB52316
AR006821187FB5192B,ARW25O21187B991492
AR006821187FB5192B,ARQKS2U1187FB4CFBA
AR006821187FB5192B,ARRKD8Q1187FB49555
AR006821187FB5192B,ARU9FJQ1187B9B5FDF
