gid,new_id,created
2f020e89-6e85-4be9-9f04-519ec8ec8cfa,39,2011-05-16 16:08:20.288158+00
6efd976a-109e-4146-9277-fb2af7d44910,40,2011-05-16 16:08:20.288158+00
6a9774a6-d8df-4158-b35f-38265c1ea61f,42,2011-05-16 16:08:20.288158+00
e8c3effa-5a98-46d6-9274-570cef17477d,43,2011-05-16 16:08:20.288158+00
280cd039-d9ea-480a-98c2-6cfd01c096ad,44,2011-05-16 16:08:20.288158+00
b3bdebda-193e-4047-924b-a53866a29986,45,2011-05-16 16:08:20.288158+00
cebfd60c-53fa-4fb2-b849-a46340f69bdc,46,2011-05-16 16:08:20.288158+00
9384fbbd-1af7-44d7-8bc7-43e3cdf798af,47,2011-05-16 16:08:20.288158+00
e90fc767-8d65-4612-b5fa-599a8beac54f,48,2011-05-16 16:08:20.288158+00
65165938-1055-47f2-976a-9ce49f402452,49,2011-05-16 16:08:20.288158+00
80b35939-e171-40bb-a2fb-46d12fcb91b8,50,2011-05-16 16:08:20.288158+00
96a0f2f2-cd8f-48c3-8563-e10a1bd27072,3520,2011-05-16 16:08:20.288158+00
83380596-b956-42df-8119-100ae96b30f6,7827570,2015-05-18 21:05:02.544929+00
87e3d383-d7c5-4e1d-b8ae-8bbf4a3ae69f,7827571,2015-05-18 21:05:05.125509+00
5131f1c8-386d-4f08-af8c-a6ef9a05cf60,6800,2011-05-16 16:08:20.288158+00
410dd01f-c48e-4d7b-9690-9e24e80014f5,6802,2011-05-16 16:08:20.288158+00
82992ef5-9716-4436-b683-184e4750ca9c,6803,2011-05-16 16:08:20.288158+00
2f626fd8-b2a9-4b5b-940f-9fcdada3f749,6804,2011-05-16 16:08:20.288158+00
a3eb038d-7bcf-435e-9024-cd694eabcd22,6805,2011-05-16 16:08:20.288158+00
45154d68-08f9-4cea-80a6-a9d61d8a2b47,6806,2011-05-16 16:08:20.288158+00
cd69de71-09f2-434e-a84b-530c9255d436,9199,2011-05-16 16:08:20.288158+00
27ff78ee-11bd-4325-827c-ba885513625c,9200,2011-05-16 16:08:20.288158+00
486bedfb-93f1-46d1-8ab4-bef31d12a51e,9201,2011-05-16 16:08:20.288158+00
97c54c8e-7061-4fe2-8c3d-784a5116d2b5,9202,2011-05-16 16:08:20.288158+00
02f35f73-5ef1-45ed-a180-755adfb0fafc,9203,2011-05-16 16:08:20.288158+00
dbd5538a-16fe-47b5-8379-14f1f4cafbd9,9204,2011-05-16 16:08:20.288158+00
ddd06aad-daf6-444f-aac5-7447f207d7fe,15166,2011-05-16 16:08:20.288158+00
ad5e1a34-466a-4bb3-939d-d1bcb2ebf51a,15372,2011-05-16 16:08:20.288158+00
d42c3d12-a6dd-44c3-8d2c-ada3e601b2e0,15373,2011-05-16 16:08:20.288158+00
bb8017f1-d273-4e65-aa7b-c44c847fce11,15374,2011-05-16 16:08:20.288158+00
4ea1e4bb-3853-41a7-bc7a-1e98ea6419b0,15375,2011-05-16 16:08:20.288158+00
ca1173a9-d4ce-463d-8a49-46a4a41de6c0,19559,2011-05-16 16:08:20.288158+00
61aa08b0-5624-47fb-8fac-f0c41ee71b03,19560,2011-05-16 16:08:20.288158+00
86261ce0-a7c4-44ac-9710-fa8213623283,19561,2011-05-16 16:08:20.288158+00
0a6d7612-1eb8-42d7-ab32-a1c575715d3a,19562,2011-05-16 16:08:20.288158+00
7e42be1a-aac5-4cee-beb8-0e84a3a77ea6,19563,2011-05-16 16:08:20.288158+00
d4b9b80c-4ebf-48c2-82c7-28aa85b0125e,19564,2011-05-16 16:08:20.288158+00
687e963c-0729-4c06-a725-ae20bdf420e7,19565,2011-05-16 16:08:20.288158+00
2a0669fb-4582-40dc-ab2e-2f344388dce1,19567,2011-05-16 16:08:20.288158+00
26c09eb0-0e89-46fb-9c45-f216c7e2833e,19568,2011-05-16 16:08:20.288158+00
57d4cdcd-cbd6-4aa6-b5df-bac12e40d73c,19569,2011-05-16 16:08:20.288158+00
69706794-6837-478b-9cc3-fded8e9ac682,19570,2011-05-16 16:08:20.288158+00
e857d16d-0d09-4c04-b430-9642c1adf2aa,19613,2011-05-16 16:08:20.288158+00
3dee59ae-eabd-41f2-b9cc-ddab4b0554e0,19614,2011-05-16 16:08:20.288158+00
574a2e82-3683-4fb7-9e91-e69725faa082,19615,2011-05-16 16:08:20.288158+00
6daaad9a-7bde-45a1-bd59-97e631c68026,19616,2011-05-16 16:08:20.288158+00
fcd8bb69-6b17-445a-a3cc-516bf5e2fc24,19617,2011-05-16 16:08:20.288158+00
aff37be3-61dc-457a-96e5-a61d807803a6,19618,2011-05-16 16:08:20.288158+00
b912a0b8-d0dd-47c2-a602-f5786c08287f,19619,2011-05-16 16:08:20.288158+00
043c8836-89db-4c09-acc5-8387cd3c5b10,19620,2011-05-16 16:08:20.288158+00
e7fca99f-b8a1-4f52-b5f4-db673ec11ecf,19621,2011-05-16 16:08:20.288158+00
09765731-ab06-4ce6-bfa3-7aada18a0be4,19622,2011-05-16 16:08:20.288158+00
8e300e81-503c-47b4-8496-576414f1ce2b,19623,2011-05-16 16:08:20.288158+00
077ae651-cace-46cf-8c0a-5c0c65311341,19975,2011-05-16 16:08:20.288158+00
b6fb8e2a-46e5-4b95-ab18-9d1a520d5fad,9629346,2011-05-16 16:08:20.288158+00
c9c36bb9-1d02-4498-a831-84b20aa65cb9,19977,2011-05-16 16:08:20.288158+00
20a3b036-19b7-445b-a561-7155b2b546f5,19978,2011-05-16 16:08:20.288158+00
2096a524-14a3-4323-8de5-a1b438b3b8b1,19979,2011-05-16 16:08:20.288158+00
fa8a3026-10aa-4238-9516-de30281a1710,19980,2011-05-16 16:08:20.288158+00
ab8abdc3-4482-4bc7-93a6-86207783568e,19981,2011-05-16 16:08:20.288158+00
bdbb9c9b-11ce-4954-863d-a7993d0294fd,19982,2011-05-16 16:08:20.288158+00
13219991-6f46-4c74-9a70-3a537ace28b2,19983,2011-05-16 16:08:20.288158+00
d7330e34-44f5-465b-91c0-3a1a319ac33f,19984,2011-05-16 16:08:20.288158+00
ffcf6c7f-a501-4708-86d5-dec77c079883,19985,2011-05-16 16:08:20.288158+00
bcb58641-a3e4-479f-9853-f2739f852e5f,19986,2011-05-16 16:08:20.288158+00
e7cacee8-8f94-4b38-9be1-9df5b04bcae2,20498,2011-05-16 16:08:20.288158+00
abf481e2-d760-4336-bd59-9e13ce028dd7,22186,2011-05-16 16:08:20.288158+00
66339b96-45ee-4dfa-90da-531f61a68d06,22187,2011-05-16 16:08:20.288158+00
98fe6fd6-6fb9-4aab-8746-6d7263036684,22188,2011-05-16 16:08:20.288158+00
c994ff28-2fca-49d6-b63d-b52426fc28f4,22189,2011-05-16 16:08:20.288158+00
ab4a6dc3-fafb-4a51-931f-0b2d21b0b068,22190,2011-05-16 16:08:20.288158+00
56296f20-a2cb-424a-bf7d-e3f1ad389562,22191,2011-05-16 16:08:20.288158+00
fc73cf68-8162-4890-be7f-c6781a6dc4b1,22192,2011-05-16 16:08:20.288158+00
905dd9f9-b0c8-4bb3-9114-64e596262f4a,22193,2011-05-16 16:08:20.288158+00
ef9c68a7-29ce-4544-b039-fd615e814b09,22194,2011-05-16 16:08:20.288158+00
7887e445-e906-415f-8814-c9b35d4c2a7e,22195,2011-05-16 16:08:20.288158+00
6c144d76-056c-424a-92da-418ccd01c8a4,24186,2011-05-16 16:08:20.288158+00
9e156cdb-b18a-40af-a4c6-bdf540f94c18,24187,2011-05-16 16:08:20.288158+00
d4ac0627-e3ed-45b0-9888-cb5783bc9600,24188,2011-05-16 16:08:20.288158+00
0883e4d5-8bd5-4ad2-b401-a90da2c1e9d3,24189,2011-05-16 16:08:20.288158+00
cfea7825-2f77-4853-8347-bf08fb07784d,24190,2011-05-16 16:08:20.288158+00
235ea212-4395-47ee-b94d-36b10a828960,24191,2011-05-16 16:08:20.288158+00
f54e3aab-bd8f-4684-bfb8-6f9dab85bc0e,24192,2011-05-16 16:08:20.288158+00
7cdc3aca-3f14-445c-99a9-2c1b3a6c966f,24592,2011-05-16 16:08:20.288158+00
d421d0bd-ae82-4ee5-8cb4-c91e76ae3c46,24593,2011-05-16 16:08:20.288158+00
11ffe800-925b-4fa5-b409-90bef2d8b795,24594,2011-05-16 16:08:20.288158+00
568df9b0-f26c-4692-9d34-b61963fd8751,24595,2011-05-16 16:08:20.288158+00
f652bb6a-8c85-4bf6-9ddd-ce4aa9e61aec,24596,2011-05-16 16:08:20.288158+00
d13bf1c4-6c4a-4a5d-a5d8-71f94160dde2,24597,2011-05-16 16:08:20.288158+00
d3aac2b9-4280-4627-a031-86a9587cbea6,24598,2011-05-16 16:08:20.288158+00
09b4f794-d37a-486a-965d-fc11bf614cdf,24599,2011-05-16 16:08:20.288158+00
084e8083-0e0b-4f70-9416-911fa295aa2e,24600,2011-05-16 16:08:20.288158+00
72c2a8e0-f3b2-4012-8a64-e6d2ef5ab82b,24602,2011-05-16 16:08:20.288158+00
a70159bc-a174-466c-95b1-8fbaee3e648e,24879,2011-05-16 16:08:20.288158+00
0ebd321d-c992-446d-8cb4-3c04dbd2f39e,24880,2011-05-16 16:08:20.288158+00
64fd6b06-cb3e-49e7-adf9-b5a7a4026668,24881,2011-05-16 16:08:20.288158+00
c6ec2bdc-9468-440d-bf9f-985cd402bf0f,24882,2011-05-16 16:08:20.288158+00
38972e82-9160-4060-8755-2fdd0e151341,24883,2011-05-16 16:08:20.288158+00
a66796fc-0573-4920-ad4a-6e0ccbb833b3,24884,2011-05-16 16:08:20.288158+00
980bb818-3720-482f-a0f1-a51b00e1ec10,24885,2011-05-16 16:08:20.288158+00
